{"web":{"client_id":"222679002441-bts9q7tun09rtuu3pttuf9rf247s5uj5.apps.googleusercontent.com",
    "project_id":"oauth-client-id-251709","auth_uri":"https://accounts.google.com/o/oauth2/auth",
    "token_uri":"https://oauth2.googleapis.com/token",
    "auth_provider_x509_cert_url":"https://www.googleapis.com/oauth2/v1/certs",
    "client_secret":"8bJWTqlh0uqlbR-qm1Vym6Rl",
    "redirect_uris":["http://localhost:5000/gconnect","http://localhost:5000/login"],
    "javascript_origins":["http://localhost:5000"]}}